imdb_id,title,original_title,is_adult,year_of_release,runtime,genres,poster_path,wiki_link,imdb_rating,imdb_votes,story,summary,tagline,actors,wins_nominations,release_date
tt2806788,Fukrey,Fukrey,0,2013,139,Comedy|Drama|Romance,https://upload.wikimedia.org/wikipedia/en/thumb/2/22/Fukrey_film_poster.jpg/220px-Fukrey_film_poster.jpg,https://en.wikipedia.org/wiki/Fukrey,6.9,9666,NA,NA,NA,NA,NA,NA
tt1949548,Heroine,Heroine,0,2012,149,Drama,https://upload.wikimedia.org/wikipedia/en/6/64/Heroine_%282012_film%29_poster.jpg,https://en.wikipedia.org/wiki/Heroine_(2012_film),5.1,3763,After his incredible run of women-centric films from Chandni Bar  Page 3  Satta and Corporate to the blockbuster Fashion  Madhur Bhandarkar now turns his lens inwards and presents his most ambitious work yet - Heroine. The film is based on the life and times of a superstar heroine from the dream factory we call 'Bollywood'. The film is a daring  shocking  glamorous  scandalous behind the scenes account of the reality behind the world of glitz and glamour that our film stars inhabit. For a country obsessed with films and film stars  Heroine will take audiences on a voyeuristic journey to see what really goes on behind the closed doors of make up rooms and vanity vans. It will give them a chance to go beyond the gorgeous smiles and politically correct quotes  to see what really happens in the lives of India's sweethearts. The bitching and the politics  the secrets and the lies  the incredible highs of fame and the lonely depths of failure.,A female superstar struggles through the trials and tribulations of being a Bollywood actress.,Unlock Your Mind This summer,Kareena Kapoor|Arjun Rampal|Randeep Hooda|Shahana Goswami|Pooja Chopra|Divya Dutta|Rashmi Nigam|Pallavi Sharda|Ranvir Shorey|Lillete Dubey|Mugdha Godse|Sanjay Suri|,5 nominations,21 September 2012 (India)
tt5882970,Tubelight,Tubelight,0,2017,136,Drama|War,https://upload.wikimedia.org/wikipedia/en/thumb/0/04/Tubelight_Poster.jpg/220px-Tubelight_Poster.jpg,https://en.wikipedia.org/wiki/Tubelight_(2017_Hindi_film),4,12911,In a small picturesque town in North India  Laxman (Salman Khan) lives with his younger brother Bharat (Sohail Khan). The two have no other family and are inseparable. Laxman's world comes crashing down  when war breaks out and Bharat gets drafted into the Army. A helpless Bharat leaves a devastated Laxman behind. News from the border only worsens  as the tension continues to escalate. Seeing the carnage around him and worried for his brother  Laxman decides he must stop this conflict and get his brother back.,A story of two brothers set during the Sino-Indian war  1962: the younger one who's at war at the borders and the elder who's at war with his own world.,Kya Tumhe Yakeen Hai? (Do You Have Faith?),Salman Khan|Sohail Khan|Om Puri|Mohammed Zeeshan Ayyub|Yashpal Sharma|Zhu Zhu|Matin Rey Tangu|Brijendra Kala|Isha Talwar|Jason D'Souza|Matt Kramer|Neeraj Khetarpal|Kapil Sharma|Mitansh Lulla|,1 win & 3 nominations,23 June 2017 (USA)
tt6108090,Secret Superstar,Secret Superstar,0,2017,150,Drama|Music,https://upload.wikimedia.org/wikipedia/en/thumb/5/50/Secret_Superstar_-_Poster_3.jpg/220px-Secret_Superstar_-_Poster_3.jpg,https://en.wikipedia.org/wiki/Secret_Superstar,7.9,17698,Insia is very passionate about singing but she belongs to a very conservative family. Her father doesn't let her develop her talent but her mother secretly lets her follow her passion for singing. She begins anonymously posting her songs over the internet and gains nation wide fame including people from the music industry. The movie shows her journey to break free and follow her dream of being a singer.,A talented teenage singer-songwriter living amid domestic abuse becomes a YouTube sensation after a video in which she hides her identity goes viral.,NA,Zaira Wasim|Meher Vij|Raj Arjun|Aamir Khan|Tirth Sharma|Kabir Sajid|Farrukh Jaffar|Manuj Sharma|Nikita Anand|Shaan|Monali Thakur|Mona Ambegaonkar|Jasmeet Singh Bhatia|Dianne Commissariat|,13 wins & 18 nominations,18 October 2017 (USA)
tt3666258,Coffee Bloom,Coffee Bloom,0,2015,90,Drama,https://upload.wikimedia.org/wikipedia/en/thumb/4/40/Coffee_Bloom_film_poster.jpg/220px-Coffee_Bloom_film_poster.jpg,https://en.wikipedia.org/wiki/Coffee_Bloom,6.5,98,Dev sells his family coffee estate as a statement underlining his renunciation of the world. When his mother dies heartbroken  he vows to prove worthy of her before scattering her ashes  little realizing that that involves confronting the world he shunned and his turbulent past.,Dev  though a self proclaimed wise man  finds comfort in being a loser  having given up on life as a result of a love gone wrong. A life changing event takes him on a journey to a coffee plantation.,NA,Arjun Mathur|Sugandha Garg|Ishwari Bose-Bhattacharya|Mohan Kapoor|,NA,6 March 2015 (USA)
tt1947973,Bin Bulaye Baraati,Bin Bulaye Baraati,0,2011,133,Action|Comedy|Crime,https://upload.wikimedia.org/wikipedia/en/thumb/a/a0/Bin_Bulaye_Baraati_poster_1.jpg/220px-Bin_Bulaye_Baraati_poster_1.jpg,https://en.wikipedia.org/wiki/Bin_Bulaye_Baraati,3.9,225,Hazari and Murari rob the Police Commissioner's residence; Chetta Singh steals the car of the latter's wife  Kusum; while AD elopes with the niece  Shreya  of Sub-Inspector Pralay Pratap Singh. All of them dramatically end up in a stolen vehicle with a jewelery-laden suitcase worth Rs.50 Crores that belongs to Durjan Singh/Black Cobra. Now on the run from gangsters and the police  they don fake police costumes  take part in a song and dance number  and subsequently end up in Madhavgarh - just in time to stop Loha Singh from molesting a woman. Mistaking them for real police officers  the residents welcome them and even prepare a feast for them. They decide to make themselves at home - not realizing that soon they will not only be pitted against the police - but also Durjan - who had killed two men just to steal their video camera; looted two villages to purchase an antique car; and set fire to this town's Police Station  killing nearly all policemen - and is all set now to confront and...,Petty robbers on the run from gangsters and police end up in a town where they are mistaken for police officers.,NA,Naushaad Abbas|Rati Agnihotri|Shweta Bhardwaj|Gulshan Grover|Manoj Joshi|Shakti Kapoor|Sweta Keswani|Razak Khan|Priyanka Kothari|Dinesh Lamba|Johnny Lever|Sanjay Mishra|Hemant Pandey|Om Puri|,NA,17 June 2011 (India)
tt1954598,Ladies vs. Ricky Bahl,Ladies vs. Ricky Bahl,0,2011,140,Comedy|Drama|Romance,https://upload.wikimedia.org/wikipedia/en/thumb/5/53/LadiesVsRickyBahl2.jpg/220px-LadiesVsRickyBahl2.jpg,https://en.wikipedia.org/wiki/Ladies_vs_Ricky_Bahl,5.9,8069,Dimple Chaddha (Parineeti Chopra)  a brash 19 year old Delhi college girl falls in love with Sunny Singh  a fitness trainer. Raina Parulekar (Dipannita Sharma)  a 28 year old independent and successful corporate woman in Mumbai does business with an art dealer Deven Shah. Saira Rashid (Aditi Sharma)  a 24 year old sweet  hard working widow in Lucknow makes a new friend  the shy Iqbal Khan. Three very different girls who each get taken for a lot of money by each of these three men. The problem is that it is actually just one man - Ricky Bahl (Ranveer Singh)  a suave and charming con-man who revels in the game and is only after the Money. A chance encounter brings these three women together who vow to take down Ricky Bahl and get their money back. The next step is the actual plan. Enter Ishika Desai (Anushka Sharma)  a young and ambitious girl whose street smart ways will one day  very soon  get her to the top. The furious trio  one professional con-man and a girl who loves adventure. ...,"A smooth and charming conman  Ricky Bahl  cons girls for a living but finally meets his match is this fun-filled ""ROM-CON.""",NA,Ranveer Singh|Anushka Sharma|Parineeti Chopra|Dipannita Sharma|Aditi Sharma|,7 wins & 3 nominations,9 December 2011 (India)
tt7471004,The House Next Door,The House Next Door,0,2017,137,Horror,https://upload.wikimedia.org/wikipedia/en/thumb/6/68/The_House_Next_Door_-_Poster.jpg/220px-The_House_Next_Door_-_Poster.jpg,https://en.wikipedia.org/wiki/The_House_Next_Door_(2017_film),6.8,1655,The movie opens with an ancient Chinese mother and daughter. They seem to spend happy moments with each other with the mother being pregnant. The movie then moves to the present where a happy couple Krish [Siddharth] and Lakshmi [Andrea Jeremiah] make love  bringing in their memories of the times they met and how their love blossomed. They suddenly notice that a new family move in to the next house. Krish is a doctor who uses electrodes inserted into the brain to bring sensation to numb fingers. He is close to another doctor  Dr.Prasad  who is a psychiatrist.,A young married couple begin to encounter several paranormal attacks  when a family moves into a neighbouring house  that is being haunted by a vengeful spirit  which leads them to perform an exorcism in order to help save the neighbours.,NA,Prakash Belawadi|Khushi Hajare|Andrea Jeremiah|Atul Kulkarni|Avinash Raghudevan|Siddharth|Suresh|Anisha Victor|,NA,10 November 2017 (India)
tt5690142,Mom,Mom,0,2017,146,Crime|Drama|Thriller,https://upload.wikimedia.org/wikipedia/en/thumb/1/1d/Mom_film_poster.jpg/220px-Mom_film_poster.jpg,https://en.wikipedia.org/wiki/Mom_(film),7.3,7355,Devaki is a biology teacher at the same school attended by her stepdaughter Arya. Although  Devaki is a caring mother  Arya remains distant. One unfortunate night  Arya is brutally attacked. When the justice system fails them  Devaki faces some tough decisions and goes to great lengths to find justice for her daughter.,Devaki is a biology teacher at the same school attended by her stepdaughter Arya. Although  Devaki is a caring mother  Arya remains distant. One unfortunate night  Arya is brutally attacked...,NA,Sridevi|Akshaye Khanna|Sajal Ali|Adnan Siddiqui|Abhimanyu Singh|Nawazuddin Siddiqui|Pitobash|Vikas Verma|Adarsh Gourav|Riva Arora|Yuvraj Singh Bajwa|,5 wins & 12 nominations,7 July 2017 (USA)
tt3142232,Heropanti,Heropanti,0,2014,146,Action|Romance,https://upload.wikimedia.org/wikipedia/en/thumb/0/0d/Heropanti_Poster.jpg/220px-Heropanti_Poster.jpg,https://en.wikipedia.org/wiki/Heropanti,5.3,7438,NA,NA,NA,NA,NA,NA
tt1877691,Love Breakups Zindagi,Love Breakups Zindagi,0,2011,156,Comedy|Drama|Romance,https://upload.wikimedia.org/wikipedia/en/thumb/d/dd/LBZ_pic.jpg/220px-LBZ_pic.jpg,https://en.wikipedia.org/wiki/Love_Breakups_Zindagi,5.7,930,Delhi-based Jai Malhotra is engaged to Radhika and their marriage is expected to take place soon  while Mumbai-based Naina Kapoor has a boyfriend in Dhruv and both are also plan to wed. Both travel without their respective lovers to Chandigarh to attend the marriage of Arjun and Gayatri. They meet with Gayatri's grandmother  Bijji  and mingle with others. They also organize a night of entertainment  which is also attended by Dhruv. The festivities turn to sorrow the next day when Bijji unexpectedly passes away. After a brief mourning period  the marriage takes place  and everyone returns to their respective homes. With their minds still fresh from memories and photographs from the wedding  they then experience issues and challenges when they attempt to adjust back into their respective lives.,A couple and many of their friends experience changes and challenges in their respective lives after attending a wedding.,NA,Zayed Khan|Dia Mirza|Cyrus Sahukar|Tisca Chopra|Satyadeep Misra|Vaibhav Talwar|Pallavi Sharda|Auritra Ghosh|Umang Jain|Farida Jalal|,NA,7 October 2011 (India)
tt2691010,Mumbai 125 KM 3D,Mumbai 125 KM 3D,0,2014,100,Drama|Horror|Mystery,https://upload.wikimedia.org/wikipedia/en/thumb/b/b7/Poster_of_Mumbai_125_KM.jpg/220px-Poster_of_Mumbai_125_KM.jpg,https://en.wikipedia.org/wiki/Mumbai_125_KM_3D,2.7,169,NA,NA,NA,NA,NA,NA
tt3524410,Yeh Hai Bakrapur,Yeh Hai Bakrapur,0,2014,95,Comedy|Drama,https://upload.wikimedia.org/wikipedia/en/thumb/7/7e/Yeh_hai_Bakrapur.jpg/220px-Yeh_hai_Bakrapur.jpg,https://en.wikipedia.org/wiki/Yeh_Hai_Bakrapur,3.8,240,NA,NA,NA,NA,NA,NA
tt2246724,Ghanchakkar,Ghanchakkar,0,2013,137,Comedy|Crime|Thriller,https://upload.wikimedia.org/wikipedia/en/thumb/8/88/Ghanchakkar-poster.jpg/220px-Ghanchakkar-poster.jpg,https://en.wikipedia.org/wiki/Ghanchakkar_(film),5.8,4450,NA,NA,NA,NA,NA,NA
tt5325684,Hate Story IV,Hate Story IV,0,2018,131,Crime|Drama|Thriller,https://upload.wikimedia.org/wikipedia/en/thumb/9/9a/Hate_Story_4_Official_Poster.jpg/220px-Hate_Story_4_Official_Poster.jpg,https://en.wikipedia.org/wiki/Hate_Story_4,3.3,1203,London based Aryan and Rajveer are son of business tycoon Vikram Khurana.Aryan is handling the family business and is looking out for a new female face for his campaign.He is in love with Rishma whose also looking after his business.Rajveer is a womanizer and professional photographer who approaches Taasha to be the model of their campaign.Taasha soon becomes a star and both brothers fall in love with her.Which leads Aryan to murder Rishma after she finds about his relationship with Taasha.After Aaryan and Taasha dispose Rishma's body it is reveled that Taasha is not who she claims and has come to revenge against Khurana's.,London based Aryan and Rajveer are son of business tycoon Vikram Khurana.Aryan is handling the family business and is looking out for a new female face for his campaign.He is in love with ...,Hate is coming.,Lee Byford|Urvashi Rautela|Gulshan Grover|Vaunisha Kapoor|Lee Nicholas Harris|Ty Hurley|Komal Chhabria|Shaad Randhawa|Atul Sharma|Manoj Anand|Daniel Eghan|Tia Bajpai|Vivan Bhatena|Swaylee Loughnane|,NA,9 March 2018 (India)
tt10324144,Article 15,Article 15,0,2019,130,Crime|Drama,https://upload.wikimedia.org/wikipedia/en/thumb/1/11/Article_15_Poster.jpg/220px-Article_15_Poster.jpg,https://en.wikipedia.org/wiki/Article_15_(film),8.3,13417,In the rural heartlands of India  an upright police officer sets out on a crusade against violent caste-based crimes and discrimination.,In the rural heartlands of India  an upright police officer sets out on a crusade against violent caste-based crimes and discrimination.,Farq Bahut Kar Liya| Ab Farq Laayenge.,Ayushmann Khurrana|Nassar|Manoj Pahwa|Kumud Mishra|Isha Talwar|Sayani Gupta|Mohammed Zeeshan Ayyub|Subhrajyoti Barat|Sushil Pandey|Aakash Dabhade|Ashish Verma|Ronjini Chakraborty|Veen|Sumbul Touqueer|,1 win,28 June 2019 (USA)
tt6296236,Running Shaadi,Running Shaadi,0,2017,114,Comedy|Romance,https://upload.wikimedia.org/wikipedia/en/thumb/7/7d/Running_Shaadi.jpg/220px-Running_Shaadi.jpg,https://en.wikipedia.org/wiki/Runningshaadi.com,6.7,2268,Two friends  Ram Bharose and tech genius Cyberjeet  create a website that helps lovers to elope. The site is an instant hit; young couples line up for the opportunity to escape strict families and run away with the ones they love.,Two friends  Ram Bharose and tech genius Cyberjeet  create a website that helps lovers to elope. The site is an instant hit; young couples line up for the opportunity to escape strict families and run away with the ones they love.,NA,Arsh Bajwa|Taapsee Pannu|Richa Meena|Amit Sadh|Inder Pal Singh|Brijendra Kala|,NA,17 February 2017 (USA)
tt5021968,Chinar Daastaan-E-Ishq,Chinar Daastaan-E-Ishq,0,2015,116,Romance,https://upload.wikimedia.org/wikipedia/en/thumb/2/2e/Official_poster_of_Chinar_Daastaan-E-Ishq.jpg/220px-Official_poster_of_Chinar_Daastaan-E-Ishq.jpg,https://en.wikipedia.org/wiki/Chinar_Daastaan-E-Ishq,7,58,Based on Urdu novel Jheel Jalti Hai  the film aspires to be an iconic love story of Jamaal (Faissal Khan) and Suraiyya (Inayat Sharma). Sadly  more than the somber story  the experience of watching this film is more tragic.,Based on Urdu novel Jheel Jalti Hai  the film aspires to be an iconic love story of Jamaal (Faissal Khan) and Suraiyya (Inayat Sharma). Sadly  more than the somber story  the experience of watching this film is more tragic.,Daastaan E Ishq,Parveen Kaur|Faisal Khan|Shahbaaz Khan|Pramod Moutho|Inayat Sharma|,NA,16 October 2015 (India)
tt2346744,Cigarette Ki Tarah,Cigarette Ki Tarah,0,2012,107,Romance|Thriller,https://upload.wikimedia.org/wikipedia/en/thumb/7/77/Cigarette-Ki-Tarah-Poster-1.jpg/220px-Cigarette-Ki-Tarah-Poster-1.jpg,https://en.wikipedia.org/wiki/Cigarette_Ki_Tarah,4.5,21,A guy falls in love blindly with a beautiful girl. This blind love leads him into deep trouble  and further separates him from other people like one man versus the entire world. In these dark situations  where one surely gives up on everything  he doesn't  and thus keeps on believing and trusting on his blind love  which eventually shows him all the ways to be out from all the difficulties. Watch the full movie Cigarette Ki Tarah online  only on Eros Now.,A guy falls in love blindly with a beautiful girl. This blind love leads him into deep trouble  and further separates him from other people like one man versus the entire world. In these ...,NA,Ashok Banthia|Sudesh Berry|Yuvika Chaudhry|Prashant Narayanan|RajKumar|Madhurima Tuli|,NA,14 December 2012 (India)
tt2302416,In the Shadows,Gali Guleiyan,0,2017,117,Drama|Thriller,https://upload.wikimedia.org/wikipedia/en/thumb/d/dd/Gali_Guliyan_Poster.jpg/220px-Gali_Guliyan_Poster.jpg,https://en.wikipedia.org/wiki/Gali_Guleiyan,7.1,314,In the walled city of Old Delhi  KHUDDOOS  a lonely man who obsessively watches people through his hidden cameras begins a search for a boy he hears getting beaten up through the walls of his house. The obsession to find the boy taking over the man and the boy's condition going from bad to worse  the man starts to lose grip of time and reality. The story of a man trapped within the walls of an old city and his attempts to break free and to find a human connection.,The film is a psychological drama about a man who is trapped within the city walls and in his own mind. He attempts to break free to find a human connection.,NA,Manoj Bajpayee|Ranvir Shorey|Neeraj Kabi|Shahana Goswami|Om Singh|Arbaaz Khan|Shruti Sharma|Ashwath Bhatt|Robin Das|Durga Sharma Shrivastva|,2 wins & 10 nominations,7 September 2018 (India)
tt4651394,Wedding Pullav,Wedding Pullav,0,2015,124,Comedy|Romance,https://upload.wikimedia.org/wikipedia/en/thumb/d/d3/Wedding_Pullav_Poster.jpg/220px-Wedding_Pullav_Poster.jpg,https://en.wikipedia.org/wiki/Wedding_Pullav,3.9,170,Wedding Pullav shows the story of two best friends Diganth and Anushka Ranjan who are in love but they themselves are unaware of it. When Anushka is invited to attend the wedding of Diganth this love confusion further increases. On one hand Diganth is jealous with Anushkas boyfriend while on other side Anushka do not like Diganth to marry another girl whom she initially praises. The story then moves to a stage where they know their feelings but not sure what to do next.,Wedding Pullav shows the story of two best friends Diganth and Anushka Ranjan who are in love but they themselves are unaware of it. When Anushka is invited to attend the wedding of Diganth...,NA,Diganth|Anushka Ranjan|Sonnalli Seygall|Karan V. Grover|Rishi Kapoor|Satish Kaushik|Upasna Singh|Parmeet Sethi|Kitu Gidwani|Himani Shivpuri|Aru Krishansh Verma|Neha Tomar|Ali Khan|,NA,16 October 2015 (India)
tt4384270,Take It Easy,Take It Easy,0,2015,\N,Drama,https://upload.wikimedia.org/wikipedia/en/thumb/1/11/Take_It_Easy.jpg/220px-Take_It_Easy.jpg,https://en.wikipedia.org/wiki/Take_It_Easy_(2015_film),7.8,12,The protagonists are both almost ten-year-old children. The father of one of them is a player who wants hist son to become one too  but his son is more interested in Studying. The other boy's story is contrary. The Parents are imposing the dreams.,The protagonists are both almost ten-year-old children. The father of one of them is a player who wants hist son to become one too  but his son is more interested in Studying. The other ...,NA,Sulabha Arya|Anang Desai|Jyoti Gauba|Yash Ghanekar|Vikram Gokhale|Smera Jadhav|Supriya Karnik|Vijay Kashyap|Prasad Reddy|Joy Sengupta|Dipannita Sharma|Manisha Thakur|,NA,NA
tt5717110,Tum Bin 2,Tum Bin 2,0,2016,147,Drama|Romance,https://upload.wikimedia.org/wikipedia/en/thumb/e/ed/Tum_Bin_2_poster.jpg/220px-Tum_Bin_2_poster.jpg,https://en.wikipedia.org/wiki/Tum_Bin_2,4.8,1028,This film centers around the life of Taran (Neha Sharma)  who loses her fiance Amar in a skiing accident. Her life changes when she meets Shekhar  who has seen the best and worst of times. The story explores old friendship  newfound love and a difficult decision.,This film centers around the life of Taran (Neha Sharma)  who loses her fiance Amar in a skiing accident. Her life changes when she meets Shekhar  who has seen the best and worst of times. ...,Sometimes you can't let go of the past ...without facing it again,Neha Sharma|Aditya Seal|Aashim Gulati|Mouni Roy|Meher Vij|Sonia Balani|Kanwaljit Singh|Jaspreet Singh|Alishah Ahmad|Emma Sarah Richardson|Stephanie Payne|Edward York|Nicola Jane Macdonald|Harry Verma|,NA,18 November 2016 (India)
tt5997928,Hotel Salvation,Hotel Salvation,0,2016,102,Comedy|Drama,https://upload.wikimedia.org/wikipedia/en/thumb/d/d0/Mukti_Bhawan_-_Poster.jpg/220px-Mukti_Bhawan_-_Poster.jpg,https://en.wikipedia.org/wiki/Mukti_Bhawan,7.1,1487,Faced with his father's untimely and bizarre demand to go and die in the holy city of Varanasi and attain Salvation  a son is left with no choice but to embark on this journey.,Faced with his father's untimely and bizarre demand to go and die in the holy city of Varanasi and attain Salvation  a son is left with no choice but to embark on this journey.,NA,Adil Hussain|Lalit Behl|Geetanjali Kulkarni|Palomi Ghosh|Navnindra Behl|Anil K. Rastogi|,15 wins & 6 nominations,7 April 2017 (India)
tt5460276,Kaabil,Kaabil,0,2017,139,Action|Drama|Thriller,https://upload.wikimedia.org/wikipedia/en/thumb/c/ce/Kaabil_Movie_Poster.jpg/220px-Kaabil_Movie_Poster.jpg,https://en.wikipedia.org/wiki/Kaabil,7.1,22695,This is the story of a man who lived  laughed and loved just like everyone in this world. Until one day  a terrible tragedy struck. Driven by the fire of vengeance  nothing will stop him. Not even the fact that he has been blind since birth.,A blind man seeks revenge against a corrupt politician and his brother after his wife is raped and killed.,The heart sees all.,Hrithik Roshan|Yami Gautam|Ronit Roy|Rohit Roy|Narendra Jha|Girish Kulkarni|Sahidur Rahaman|Suresh Menon|,1 win & 6 nominations,27 January 2017 (USA)
tt4642936,Warrior Savitri,Warrior Savitri,0,2016,136,Action|Thriller,https://upload.wikimedia.org/wikipedia/en/thumb/7/7f/Poster_Of_Waarior_Savitri.jpg/220px-Poster_Of_Waarior_Savitri.jpg,https://en.wikipedia.org/wiki/Waarrior_Savitri,5,270,A modern day adaptation of the legendary fable of Savitri  Satyavaan and Yamaraj from Mahabharata  one of the major Sanskrit epics of ancient India. The modern day Savitri is adept in martial arts and will do anything to save her husband.,A modern day adaptation of the legendary fable of Savitri  Satyavaan and Yamaraj from Mahabharata  one of the major Sanskrit epics of ancient India. The modern day Savitri is adept in martial arts and will do anything to save her husband.,NA,Niharica Raizada|Rajat Barmecha|Lucy Pinder|Tim Man|Om Puri|Gulshan Grover|Ron Smoorenburg|Aditya Raj|Karamveer Choudhary|Sheetal Khandal|Palak J. Jhaveri|,NA,25 August 2016 (India)
tt6752836,Ek Rani Aisi Bhi Thi,Ek Rani Aisi Bhi Thi,0,2013,\N,Biography|History,https://upload.wikimedia.org/wikipedia/en/thumb/6/6d/Ek_Thi_Rani_Aisi_Bhi.jpg/220px-Ek_Thi_Rani_Aisi_Bhi.jpg,https://en.wikipedia.org/wiki/Ek_Thi_Rani_Aisi_Bhi,0,0,Simple but yet elegant Rajmata and her journey from one of the highest aristocrats of the land to a well-known political personality.,Simple but yet elegant Rajmata and her journey from one of the highest aristocrats of the land to a well-known political personality.,NA,Hema Malini|Vinod Khanna|Sachin Khedekar|Rajesh Shringarpure|,NA,NA
tt3814100,M.A.D: Mad About Dance,M.A.D: Mad About Dance,0,2014,125,Drama|Musical,https://upload.wikimedia.org/wikipedia/en/thumb/2/27/Mad_About_Dance_Official_Poster.jpg/220px-Mad_About_Dance_Official_Poster.jpg,https://en.wikipedia.org/wiki/Mad_About_Dance,6.2,97,NA,NA,NA,NA,NA,NA
tt3495030,Dum Laga Ke Haisha,Dum Laga Ke Haisha,0,2015,110,Comedy|Drama|Romance,https://upload.wikimedia.org/wikipedia/en/thumb/a/a4/DLHK_Poster.jpeg/220px-DLHK_Poster.jpeg,https://en.wikipedia.org/wiki/Dum_Laga_Ke_Haisha,7.5,15706,It is the 1990s  the tape-cassette is dying  CDs will soon be the rage and a regular arranged marriage will turn out to be a perfect mismatch. Prem (Ayushmann Khurrana) is a shy music buff who runs a tape recording shop in Haridwar. Sandhya (Bhumi Pednekar) likes to dance to the band tunes at her own wedding. He has nightmares about drawing a blank at his English exam. She is about to carve a niche for herself as a teacher. But now  they are married and they are supposed to spend a lifetime together - and he is still trying to find balance on their scooter ride together. From overcoming his fear of the English language to dealing with an overbearing father  he discovers that his oversized wife  who he thought was a spanner in his spool  will actually lead him to something quite cool.,Prem and his oversized wife Sandhya are supposed to spend a lifetime together. Will a regular arranged marriage turn out to be a perfect mismatch?,NA,Ayushmann Khurrana|Bhumi Pednekar|Sanjay Mishra|Kumar Sanu|Sheeba Chaddha|Seema Bhargava|Chandrachoor Rai|Devika Vatsa|Alka Amin|Shardul Rana|Mahesh Sharma|Shrikant Verma|Swedha Singh|V.K. Sharma|,23 wins & 4 nominations,27 February 2015 (India)
tt1980970,Gandhi to Hitler,Gandhi to Hitler,0,2011,108,Drama|History|War,https://upload.wikimedia.org/wikipedia/en/thumb/7/7b/Dear_Friend_Hitler_film_poster.jpg/220px-Dear_Friend_Hitler_film_poster.jpg,https://en.wikipedia.org/wiki/Dear_Friend_Hitler,2.6,188,Chancellor Adolf Hitler assists Azad Hind Fauj  led by Subhas Chandra Bose  which include a group of Indians who are frustrated with the Gandhian manner of non-violence to compel the oppressive British to quit their country. Punjab-based Balbir Singh is one such member of the Fauj  who has left his wife  Amrita  and son  Veer  behind. Ironically  Amrita is a follower of Mohandas Gandhi  and patiently awaits her husband's return home. Mohandas writes to Adolf  addressing him as 'dear friend'  imploring him to end the violence. The allies  which include America  Russia  Britain and France close in on the Germans  while Adolf  a little perturbed by defectors  but still in company of many loyal supporters  is determined to continue  and even makes preparations to wed his mistress of 12 years  Eva Braun. Meanwhile Balbir and the rest of the Fauj must risk their lives through treacherous territory  allied soldiers  and quite surprisingly - they themselves - when they end up bickering and ...,Adolf Hitler assists India in it's freedom struggle against the British  while Mohandas Gandhi writes to him to end violence.,NA,Raghuvir Yadav|Neha Dhupia|Aman Verma|Nassar Abdulla|Avijit Dutt|Lucky Vakharia|Nikita Anand|Nalin Singh|,NA,29 July 2011 (India)
tt2104937,Miley - Naa Miley - Hum,Miley - Naa Miley - Hum,0,2011,114,Comedy|Drama|Romance,https://upload.wikimedia.org/wikipedia/en/thumb/8/86/Miley_naa_Miley_hum_poster.jpg/220px-Miley_naa_Miley_hum_poster.jpg,https://en.wikipedia.org/wiki/Miley_naa_Miley_hum_(2011_film),3,159,Chirag comes from a wealthy background and assists his father  Siddharth Mehra  to maintain their farmland. His parents have been divorced due to incompatibility arising mainly due to his businesswoman mother  Shalini's hatred of tennis  and he lives with them every alternate month. Both would like him to get married  and accordingly Shalini picks London-based Kamiah  while Siddharth picks Bhatinda-based Manjeet Ahluwalia. Chirag  who sneaks off to practice tennis at night  is asked to make a choice but informs them that he is in love with a model named Anishka. Watch what happens when the displeased couple decide to confront and put pressure on a struggling and unknowing klutz-like Anishka to leave their son alone.,A tennis player incurs his pushy divorced parents' displeasure when he pretends to fall for a struggling model.,NA,Chirag Paswan|Kangana Ranaut|Neeru Bajwa|Sagarika Ghatge|Poonam Dhillon|Kabir Bedi|Kunal Kumar|Suresh Menon|Dalip Tahil|Shweta Tiwari|,NA,4 November 2011 (India)
tt3309844,Titoo MBA,Titoo MBA,0,2014,111,Comedy|Romance,https://upload.wikimedia.org/wikipedia/en/thumb/4/42/Titoo_MBA.jpg/220px-Titoo_MBA.jpg,https://en.wikipedia.org/wiki/Titoo_MBA,4.8,88,NA,NA,NA,NA,NA,NA
tt1706317,Tezz,Tezz,0,2012,121,Action|Crime|Drama,https://upload.wikimedia.org/wikipedia/en/thumb/0/06/Tezz_Movie_First_Look.jpg/220px-Tezz_Movie_First_Look.jpg,https://en.wikipedia.org/wiki/Tezz,3.9,2001,To revenge his past  Aakash Rana plants bomb in a train endangering lives of 500 passengers.,To revenge his past  Aakash Rana plants bomb in a train endangering lives of 500 passengers.,NA,Anil Kapoor|Ajay Devgn|Mohanlal|Kangana Ranaut|Zayed Khan|Boman Irani|Sameera Reddy|Philip Martin Brown|Sagar Arya|Dominic Power|Avika Gor|Puja Bhatt|Bhavna Pani|Mudit Kumar Nair|,NA,26 April 2012 (India)
tt5933706,Saansein: The Last Breath,Saansein: The Last Breath,0,2016,101,Horror|Romance,https://upload.wikimedia.org/wikipedia/en/thumb/e/e9/Saansein_poster.jpg/220px-Saansein_poster.jpg,https://en.wikipedia.org/wiki/Saansein,3.2,101,Shirin  a singer mysteriously disappears. Abhay looks for Shirin and tries to solve this mysterious incident.,Shirin  a singer mysteriously disappears. Abhay looks for Shirin and tries to solve this mysterious incident.,NA,Sonarika Bhadoria|Amir Dalvi|Rajniesh Duggall|Vishal Malhotra|Neetha Shetty|,NA,25 November 2016 (India)
tt7695014,Saheb Biwi Aur Gangster 3,Saheb Biwi Aur Gangster 3,0,2018,140,Action|Crime|Drama,https://upload.wikimedia.org/wikipedia/en/thumb/4/44/Saheb%2C_Biwi_Aur_Gangster_3_-_Poster.jpg/220px-Saheb%2C_Biwi_Aur_Gangster_3_-_Poster.jpg,https://en.wikipedia.org/wiki/Saheb_Biwi_Aur_Gangster_3,4.3,631,The royal saga of deceit  conspiracy  greed and lust continues in the third installment of the series  as the Saheb and Biwi are pitted against an enemy and everyone involved is scheming ruthlessly for their own personal gain.,The royal saga of deceit  conspiracy  greed and lust continues in the third installment of the series  as the Saheb and Biwi are pitted against an enemy and everyone involved is scheming ruthlessly for their own personal gain.,NA,Sanjay Dutt|Jimmy Sheirgill|Mahie Gill|Chitrangda Singh|Kabir Bedi|Deepak Tijori|Pamela Singh Bhutoria|Soha Ali Khan|Nafisa Ali|Deep Raj Rana|Zakir Hussain|Manas Thakkar|Rishina Kandhari|Kanika Dang|,NA,27 July 2018 (USA)
tt2929690,Margarita with a Straw,Margarita with a Straw,0,2014,100,Drama,https://upload.wikimedia.org/wikipedia/en/d/d6/Margarita_with_a_Straw_poster.jpg,https://en.wikipedia.org/wiki/Margarita_with_a_Straw,7.2,3045,***SPOILERS ALERT!!*** Laila is a teenager with cerebral palsy  studying at Delhi University. She is an aspiring writer and also composes music for an indie band at the university. Laila develops feelings for the lead singer  but is heartbroken when she is rejected. Moving on from the experience  Laila is overjoyed to receive a scholarship for a semester's study at New York University. Despite her father's reservations  she moves to Greenwich Village  Manhattan with her orthodox Maharashtrian mother Shubhangini. Laila meets an attractive young man named Jared  who is assigned to help her in the creative writing class. She also meets a young activist  Khanum (Gupta)  a blind girl of Pakistani-Bangladeshi descent  with whom she falls in love. Laila is enamored by Khanum's fiercely independent personality and her positive perspective towards her own disability. The two spend most of their time together  filling in as each other's caregivers. Laila becomes confused about her sexual ...,A rebellious young woman with cerebral palsy leaves her home in India to study in New York  unexpectedly falls in love  and embarks on an exhilarating journey of self-discovery.,NA,Kalki Koechlin|Revathy|Sayani Gupta|Hussain Dalal|Tenzing Dalha|Kuljeet Singh|Malhar Khushu|William Moseley|Jose Rivera|Shuchi Dwivedi|Doug Plaut|Jennifer Silverstein|Jacob Berger|Marco Torriani|,11 wins & 10 nominations,14 June 2016 (USA)
tt2609218,Ragini MMS 2,Ragini MMS 2,0,2014,119,Horror,https://upload.wikimedia.org/wikipedia/en/thumb/2/20/Ragini_MMS_2_Poster.jpg/220px-Ragini_MMS_2_Poster.jpg,https://en.wikipedia.org/wiki/Ragini_MMS_2,3.8,2521,NA,NA,NA,NA,NA,NA
tt5943306,Freaky Ali,Freaky Ali,0,2016,120,Comedy|Sport,https://upload.wikimedia.org/wikipedia/en/thumb/b/b7/Freaky_Ali.jpg/220px-Freaky_Ali.jpg,https://en.wikipedia.org/wiki/Freaky_Ali,4.9,2373,Nawazuddin Siddiqui (Ali ) plays a character of an extortion debt collector for the local goon along with Arbaaz Khan (Maqsood ). His fate turns when one day he and Arbaaz goes to a golf course to collect extortion  after waiting for many hours for a man to give him money. Nawazuddin's character confronts the man who tells him to wait while he finishes the hole .This is where Nawazuddin's character challenges him saying it to be easy  The man asks Nawazuddin to show it  Nawazuddin putts the ball in just one ace for he has a gifted natural swing  This not only surprises the man but his caddie as well who knows Nawazuddin. What follows is an inspiration story of a simple extortion debt collector to a golfing sensation  and along the way of him becoming a champion  Nawazuddin's character beats all odds and meets his dream girl played by Amy Jackson,A debt collector becomes a golfing sensation.,NA,Nawazuddin Siddiqui|Arbaaz Khan|Amy Jackson|Asif Basra|,1 nomination,9 September 2016 (USA)
tt9248972,Mission Mangal,Mission Mangal,0,2019,130,Drama|History,https://upload.wikimedia.org/wikipedia/en/thumb/b/b7/Mission_Mangal.jpg/220px-Mission_Mangal.jpg,https://en.wikipedia.org/wiki/Mission_Mangal,6.5,7165,Based on true events of the Indian Space Research Organisation (ISRO) successfully launching the Mars Orbiter Mission (Mangalyaan)  making it the least expensive mission to Mars.,Based on true events of the Indian Space Research Organisation (ISRO) successfully launching the Mars Orbiter Mission (Mangalyaan)  making it the least expensive mission to Mars.,This Independence Day...The Sky is Not the Limit,Akshay Kumar|Vidya Balan|Nithya Menon|Taapsee Pannu|Sonakshi Sinha|Kirti Kulhari|H.G. Dattatreya|Sharman Joshi|Sanjay Kapoor|Dalip Tahil|Vikram Gokhale|Mohammed Zeeshan Ayyub|Purab Kohli|,NA,15 August 2019 (USA)
tt2243336,Aalaap,Aalaap,0,2012,116,Sci-Fi,https://upload.wikimedia.org/wikipedia/en/thumb/9/9a/AALAAP.jpg/220px-AALAAP.jpg,https://en.wikipedia.org/wiki/Aalaap_(film),5.8,23,Artdirector Md asdulla khan,Artdirector Md asdulla khan,NA,Omkar Das Manikpuri|Pitobash|Amit Purohit|Vijay Raaz|Harsh Rajput|Rituparna Sengupta|Aabid Shamim|Murli Sharma|Abhimanyu Singh|Gamya Wijayadasa|,NA,27 July 2012 (India)
tt2963974,M Cream,M Cream,0,2014,112,Adventure|Comedy|Drama,https://upload.wikimedia.org/wikipedia/commons/thumb/7/7c/MCR_Theatrical_Poster.jpg/220px-MCR_Theatrical_Poster.jpg,https://en.wikipedia.org/wiki/M_Cream,5.7,590,FIGS is the typical cynic one finds lurking in the expansive lawns of Delhi University. Entangled in a web of drugged out delirium  he's the quintessential rebel. His world is thrown into disarray when his conservative parents begin to chalk out a strategy for his future. Things only become worse when a sudden scarcity of hash deprives Figs of his favorite pastime. Unable to cope with the situation  Figs joins forces with his best friend MAGGIE on a quest to attain M Cream  a mythical form of hash. They hastily devise a plan to trek to the far reaches of the Himalayas in pursuit of this goal. Maggie ropes in her boyfriend NIZ  who's purportedly headed to the hills on a photo assignment. Unbeknownst to Figs  the trio is joined by JAY  a close friend of Niz. Chaos ensues as the reckless travelers journey across the Himalayan expanse. The road trip results in a series of unexpected encounters that begin to unravel the myriad realities of rebellion. Difficult choices are made and ...,A motley crew of university students set out on a journey in pursuit of a mythical form of hash  confronting a series of encounters that begin to unravel the myriad realities of rebellion.,NA,Tom Alter|Raaghav Chanana|Ira Dubey|Lushin Dubey|Auritra Ghosh|Rahil Gilani|Barry John|Santosh Ojha|Beatrice Ordeix|Lili Rocha|Imaaduddin Shah|,4 wins,22 July 2016 (India)
tt3398052,Invitation of Love,Daawat-e-Ishq,0,2014,118,Comedy|Drama|Romance,https://upload.wikimedia.org/wikipedia/en/thumb/9/9b/Daawat-e-ishq_poster.jpg/220px-Daawat-e-ishq_poster.jpg,https://en.wikipedia.org/wiki/Daawat-E-Ishq,6.1,5103,NA,NA,NA,NA,NA,NA
tt6926486,Daddy,Daddy,0,2017,134,Action|Biography|Crime,https://upload.wikimedia.org/wikipedia/en/thumb/6/6b/Daddy_Film_Poster.jpg/220px-Daddy_Film_Poster.jpg,https://en.wikipedia.org/wiki/Daddy_(2017_film),6.3,1369,Daddy is an upcoming Indian political crime drama film co-written and directed by Ashim Ahluwalia. The film stars Arjun Rampal  who also co-wrote the film  portraying gangster-turned-politician Arun Gawli. The official teaser of the film was released on December 1  2016.,"From the rough streets and back alleys of Central Mumbai comes the sensational true story of Arun Gawli  a man who scripted his own destiny  eventually going on to become one of India's most feared gangsters. Today he remains an enigmatic figure; at once a volatile  power-hungry criminal for some and the respected ""Daddy"" or a modern day Robin Hood for the working-class neighborhood he belongs to...",NA,Arjun Rampal|Aishwarya Rajesh|Nishikant Kamat|Rajesh Shringarpore|Purnanand Wandekar|Anupriya Goenka|Shruti Bapna|Usha Naik|Shrikant Yadav|Deepak Damle|Raj Arjun|Vijay Sanap|Abhimanue Arun|,1 win & 6 nominations,8 September 2017 (USA)
tt2976176,Lakshmi,Lakshmi,0,2014,115,Drama,https://upload.wikimedia.org/wikipedia/en/thumb/5/5a/Nagesh_Kunkunoor_Lakshmi_Film_Movie_Poster.jpg/220px-Nagesh_Kunkunoor_Lakshmi_Film_Movie_Poster.jpg,https://en.wikipedia.org/wiki/Lakshmi_(2014_film),8,1240,NA,NA,NA,NA,NA,NA
tt8291224,Uri: The Surgical Strike,Uri: The Surgical Strike,0,2019,138,Action|Drama|War,https://upload.wikimedia.org/wikipedia/en/thumb/3/3b/URI_-_New_poster.jpg/220px-URI_-_New_poster.jpg,https://en.wikipedia.org/wiki/Uri:_The_Surgical_Strike,8.4,35112,Divided over five chapters  the film chronicles the events of the surgical strike conducted by the Indian military against suspected militants in Pakistan occupied Kashmir. It tells the story of the 11 tumultuous events over which the operation was carried out. Indian army special forces carry out a covert operation to avenge the killing of fellow army men at their base by a terrorist group.,Indian army special forces execute a covert operation  avenging the killing of fellow army men at their base by a terrorist group.,NA,Vicky Kaushal|Paresh Rawal|Mohit Raina|Yami Gautam|Kirti Kulhari|Rajit Kapoor|Ivan Rodrigues|Manasi Parekh|Swaroop Sampat|Riva Arora|Yogesh Soman|Fareed Ahmed|Akashdeep Arora|Kallol Banerjee|,4 wins,11 January 2019 (USA)
tt2362778,Saheb Biwi Aur Gangster Returns,Saheb Biwi Aur Gangster Returns,0,2013,142,Action|Crime|Drama,https://upload.wikimedia.org/wikipedia/en/thumb/3/33/Saheb_Biwi_Aur_Gangster_Returns.jpg/220px-Saheb_Biwi_Aur_Gangster_Returns.jpg,https://en.wikipedia.org/wiki/Saheb_Biwi_Aur_Gangster_Returns,6.8,3540,NA,NA,NA,NA,NA,NA
tt7617988,Kuchh Bheege Alfaaz,Kuchh Bheege Alfaaz,0,2018,116,Romance,https://upload.wikimedia.org/wikipedia/en/thumb/9/91/Kuchh_Bheege_Alfaaz.jpg/220px-Kuchh_Bheege_Alfaaz.jpg,https://en.wikipedia.org/wiki/Kuchh_Bheege_Alfaaz,7.5,578,Every night at 10  Kolkata tunes into Big FM to listen to 'Kuch Bheege Alfaaz' - an episodic series of unrequited love stories hosted by RJ Alfaaz who  despite his tremendous following  prefers staying detached and anonymous. Among his many fans is the boisterous Archana  a girl working at a creative agency - which designs branded memes. She is leukodermic but lives life to the fullest. They meet; or rather talk  for the first time over a misplaced call  when Archana accidentally dials Alfaaz's number  while trying to connect with her latest blind date. A friendship blossoms between the two strangers hidden behind their digital screens. It quickly translates in to a whirlwind of romance  until they bare their true selves to each other.,In a world of pings  likes  tweets  shares and comments  2 strangers connect over a mis-dial and WhatsApp their way into each others' hearts  safely hidden behind digital screens. But will the emojis translate to emotions when they reveal their truth to one another.,NA,Geetanjali Thapa|Zain Khan Durrani|Shray Rai Tiwari|Mona Ambegaonkar|Saheb Bhattacharjee|Chandrayee Ghosh|Saurav Das|Debopriya|Sahil Agarwal|Shefali Chauhan|Soumya Mukherjee|Shankhu Karmakar|Udai Shankar|Moumita|,NA,16 February 2018 (India)
tt5156746,Force 2,Force 2,0,2016,127,Action|Thriller,https://upload.wikimedia.org/wikipedia/en/thumb/c/c5/Force_2-FL.jpg/220px-Force_2-FL.jpg,https://en.wikipedia.org/wiki/Force_2,6.2,4340,ACP Yashvardhan teams up with RAW Agent KK to bring down the mole within RAW.,ACP Yashvardhan teams up with RAW Agent KK to bring down the mole within RAW.,The RAW Truth,John Abraham|Sonakshi Sinha|Tahir Raj Bhasin|Adil Hussain|Bj√∂rn Freiberg|,1 nomination,18 November 2016 (USA)
tt2998196,Kuku Mathur Ki Jhand Ho Gayi,Kuku Mathur Ki Jhand Ho Gayi,0,2014,109,Comedy|Romance,NA,https://en.wikipedia.org/wiki/Kuku_Mathur_Ki_Jhand_Ho_Gayi,5.4,229,NA,NA,NA,NA,NA,NA
tt2122340,Ferrari Ki Sawaari,Ferrari Ki Sawaari,0,2012,140,Comedy|Drama|Family,https://upload.wikimedia.org/wikipedia/en/thumb/1/18/Ferrari_ki_sawaari.jpg/220px-Ferrari_ki_sawaari.jpg,https://en.wikipedia.org/wiki/Ferrari_Ki_Sawaari,6.4,4693,How the pursuit of an Indian cricket legend's Ferrari makes a young boy's dreams of playing cricket at Lords a reality.,How the pursuit of an Indian cricket legend's Ferrari makes a young boy's dreams of playing cricket at Lords a reality.,NA,Sharman Joshi|Boman Irani|Ritvik Sahore|Paresh Rawal|Vidya Balan|Deepak Shirke|Seema Bhargava|Satyadeep Misra|Aakash Dabhade|Nilesh Diwekar|Vijay Nikam|,4 nominations,15 June 2012 (India)
tt2171454,Zila Ghaziabad,Zila Ghaziabad,0,2013,142,Action|Crime|Thriller,https://upload.wikimedia.org/wikipedia/en/thumb/9/9e/Zilla_Ghaziabad.jpg/220px-Zilla_Ghaziabad.jpg,https://en.wikipedia.org/wiki/Zilla_Ghaziabad,3.5,1187,NA,NA,NA,NA,NA,NA
tt2063745,Kya Dilli Kya Lahore,Kya Dilli Kya Lahore,0,2014,98,Drama|History|War,https://upload.wikimedia.org/wikipedia/en/9/9f/Kya_dilli_kya_lahore_the_movie.jpg,https://en.wikipedia.org/wiki/Kya_Dilli_Kya_Lahore,7.4,1761,NA,NA,NA,NA,NA,NA
tt2402131,Kismet Love Paisa Dilli,Kismet Love Paisa Dilli,0,2012,129,Adventure|Comedy|Crime,NA,https://en.wikipedia.org/wiki/Kismet_Love_Paisa_Dilli,4.2,532,Film is set in one winter night in Delhi where a middle class  Delhi university guy falls in love with a girl anchoring a fashion show. In process of wooing her someone plants a sting operation tape in his pocket. This sting operation has a minister talking of buying and selling MLAs and media heads from his Swiss bank accounts. Unknown to this he is chased by corrupt cops and good guys to get that tape back. Soon he gets to know of tape with him and it's high relevance. How this university student who always talked against corruption like any layman  now gets bribed himself by the big offer thrown by Minster's man constitutes the edge of the seat climax of story.,Film is set in one winter night in Delhi where a middle class  Delhi university guy falls in love with a girl anchoring a fashion show. In process of wooing her someone plants a sting ...,NA,Vivek Oberoi|Mallika Sherawat|Neha Dhupia|Anshuman Jha|,2 wins,5 October 2012 (India)
tt5743888,Julie 2,Julie 2,0,2017,159,Drama|Romance,https://upload.wikimedia.org/wikipedia/en/thumb/2/2d/Raai_Laxmi%27s-Julie_2_poster.jpg/220px-Raai_Laxmi%27s-Julie_2_poster.jpg,https://en.wikipedia.org/wiki/Julie_2,2.5,250,A simple girl rises to be a big star  but the story of her success is not without its dark side.,A simple girl rises to be a big star  but the story of her success is not without its dark side.,Bold... beautiful... blessed.,Nishikant Kamat|Raai Laxmi|Rati Agnihotri|Ravi Kishan|Pankaj Tripathi|,NA,24 November 2017 (India)
tt4535650,Dilwale,Dilwale,0,2015,158,Action|Comedy|Romance,https://upload.wikimedia.org/wikipedia/en/thumb/d/df/Dilwale.jpg/220px-Dilwale.jpg,https://en.wikipedia.org/wiki/Dilwale_(2015_film),5.2,29502,Raj is a Mafia member. One day he meet a girl (Meera) while chasing by his rival gang and falls in love with her. Later he finds out that this girl is the daughter of the leader of his rival gang. Yet their love story continues until he was shot by his girlfriend upon a deep misunderstanding. After that incident these two lovers lives separate until their siblings fallen in love. With this new love story their paths intertwines again.,The siblings of two estranged lovers fall for each other  unaware of the violent past that drove them apart.,NA,Shah Rukh Khan|Kajol|Varun Dhawan|Kriti Sanon|Boman Irani|Varun Sharma|Johnny Lever|Mukesh Tiwari|Pankaj Tripathi|Sanjay Mishra|Chetna Pande|Vinod Khanna|Kabir Bedi|,6 wins & 7 nominations,18 December 2015 (USA)
tt4900716,Kapoor & Sons,Kapoor & Sons,0,2016,132,Comedy|Drama|Romance,https://upload.wikimedia.org/wikipedia/en/thumb/5/59/Kapoor_%26_Sons_poster.jpg/220px-Kapoor_%26_Sons_poster.jpg,https://en.wikipedia.org/wiki/Kapoor_%26_Sons,7.7,20586,A story revolving around a dysfunctional family of 2 brothers who visit their family and discover that their parents marriage is on the verge of collapse the family is undergoing a financial crunch and much more as the drama unfolds.,A story revolving around a dysfunctional family of 2 brothers who visit their family and discover that their parents marriage is on the verge of collapse the family is undergoing a financial crunch and much more as the drama unfolds.,(Since 1921),Sidharth Malhotra|Fawad Khan|Alia Bhatt|Rajat Kapoor|Rishi Kapoor|Anahita Oberoi|Vikram Kapadia|Pradeep Pradhan|Fahim Shaikh|Niti Apurva Patel|Aalekh Kapoor|Sukant Goel|Ratna Pathak Shah|Aditya Gunavanthe|,15 wins & 16 nominations,18 March 2016 (USA)
tt2912578,Ankur Arora Murder Case,Ankur Arora Murder Case,0,2013,129,Drama|Thriller,https://upload.wikimedia.org/wikipedia/en/thumb/4/42/Ankur_Arora_Murder_Case_Movie_Poster.jpg/220px-Ankur_Arora_Murder_Case_Movie_Poster.jpg,https://en.wikipedia.org/wiki/Ankur_Arora_Murder_Case,6.5,1406,NA,NA,NA,NA,NA,NA
tt2338151,PK,PK,0,2014,153,Comedy|Drama|Fantasy,https://upload.wikimedia.org/wikipedia/en/thumb/c/c3/PK_poster.jpg/220px-PK_poster.jpg,https://en.wikipedia.org/wiki/PK_(film),8.1,143605,NA,NA,NA,NA,NA,NA
tt8504014,Good Newwz,Good Newwz,0,2019,\N,Comedy|Drama|Romance,NA,https://en.wikipedia.org/wiki/Good_Newwz,NA,NA,It is an upcoming Indian romantic comedy film starring Akshay Kumar  Kiara Advani  Kareena Kapoor Khan and Diljit Dosanjh in lead roles.,It is an upcoming Indian romantic comedy film starring Akshay Kumar  Kiara Advani  Kareena Kapoor Khan and Diljit Dosanjh in lead roles.,NA,Akshay Kumar|Kareena Kapoor|Kiara Advani|Tisca Chopra|Gulshan Grover|Diljit Dosanjh|Tanmay Dhanania|Anjana Sukhani|Yukta Mookhey|Auritra Ghosh|Preeti Kochar|,NA,NA
tt5240748,Brahman Naman,Brahman Naman,0,2016,95,Comedy,https://upload.wikimedia.org/wikipedia/en/thumb/d/d8/Brahman_Naman_poster.jpg/220px-Brahman_Naman_poster.jpg,https://en.wikipedia.org/wiki/Brahman_Naman,5.6,1575,A champion college quizzing team try to win the all-India finals and lose their virginities.,A champion college quizzing team try to win the all-India finals and lose their virginities.,NA,Shashank Arora|Tanmay Dhanania|Chaitanya Varad|Vaishwath Shankar|Sindhu Sreenivasa Murthy|Subholina Sen|Anula Navlekar|Sid Mallya|Denzil Smith|Biswa Kalyan Rath|Shataf Figar|Kartik Iyer|Anisa Butt|Amrusha Palchaudhuri|,2 nominations,7 July 2016 (USA)
tt4760900,The World It Is,Aisa Yeh Jahaan,0,2015,120,Drama,https://upload.wikimedia.org/wikipedia/en/thumb/d/d3/Aisa_Yeh_Jahaan_-_Poster.jpg/220px-Aisa_Yeh_Jahaan_-_Poster.jpg,https://en.wikipedia.org/wiki/Aisa_Yeh_Jahaan,7,42,The film is set in Mumbai. It depicts the relationship between a husband and wife  the ever growing human detachment with nature and people's attitude towards the physiology of a child's growth which is portrayed in a lighthearted yet satirical fashion.Rajib  works for a multinational company and is far apart in terms of his nature from his wife  Ananya  who is a receptionist at a private firm. On the other hand  Kuhi  their three year old daughter  and Pakhi  the domestic help of the house  share a relationship based on innocence and pure emotions. Pakhi takes good care of Kuhi when Rajib and Ananya are away at work during the day.The whole family plans a vacation to their hometown in Assam. There  Kuhi gets to know Nalia Kai  the helper of the house  who introduces her to a new world record a world of trees  birds  greenery  paddy fields and the environment at large. There she realizes the difference between the concrete world of Mumbai and the natural environment of her father's ...,During a vacation with her parents  away from her concrete urban existence  a young girl learns to appreciate the joys of connecting with nature.,NA,Yashpal Sharma|Ira Dubey|Tinnu Anand|Palash Sen|,2 nominations,24 July 2015 (India)
tt2438764,Rajjo,Rajjo,0,2013,123,Drama|Romance,https://upload.wikimedia.org/wikipedia/en/thumb/7/74/Rajjo_poster.jpg/220px-Rajjo_poster.jpg,https://en.wikipedia.org/wiki/Rajjo,2.8,283,NA,NA,NA,NA,NA,NA
tt3447364,Detective Byomkesh Bakshy!,Detective Byomkesh Bakshy!,0,2015,139,Action|Mystery|Thriller,https://upload.wikimedia.org/wikipedia/en/thumb/9/99/Detective_Byomkesh_Bakshi_poster.jpg/220px-Detective_Byomkesh_Bakshi_poster.jpg,https://en.wikipedia.org/wiki/Detective_Byomkesh_Bakshy,7.6,14674,CALCUTTA 1943 A WAR - A MYSTERY - and A DETECTIVE Detective Byomkesh Bakshy is based on the early exploits of India's first true-blue detective  created by Bengali bestseller writer Saradindu Bandyopadhyay. Directed by Dibakar Banerjee  the film is set in the Second World War torn Calcutta during the 1940s and follows the first adventure of Byomkesh Bakshy (Sushant Singh Rajput)  fresh out of college  as he pits himself against an evil genius who is out to destroy the world. Using his wits against the most villainous arch criminal the world has seen  in a world of murder  international political intrigue and seduction.,While investigating the disappearance of a chemist  a detective uncovers a larger conspiracy to unsettle Calcutta.,Expect The Unexpected,Sushant Singh Rajput|Anand Tiwari|Neeraj Kabi|Divya Menon|Swastika Mukherjee|Meiyang Chang|Mark Bennington|Taka Higuchi|Shivam|Kaushik Ghosh|Anindya Pulak Banerjee|Arindol Bagchi|Peter Wong|Pradipto Kumar Chakraborty|,NA,3 April 2015 (USA)
tt6352548,Poster Boys,Poster Boys,0,2017,128,Comedy,https://upload.wikimedia.org/wikipedia/en/thumb/b/b5/Poster_Boys_poster.jpg/220px-Poster_Boys_poster.jpg,https://en.wikipedia.org/wiki/Poster_Boys_(film),5.5,1272,Three strangers Jagaavar Chaudhary a retired military officer  Vinay Sharma a school teacher and Arjun Singh a recovery agent are unknown to each other. Jagaavar Chaudhary's sister's engagement gets can celled  Vinay Sharma's wife threatens to divorce him and Arjun Singh's father in law to be disapproves of him for the hand of his daughter Riya. The reason is unknown to the three until they come across a poster promoting vasectomy which has them promoting vasectomy without their knowledge.,Life of three men comes in trouble when their photos appear on advertisement for sterilization.,NA,Sunny Deol|Bobby Deol|Shreyas Talpade|Randheer Rai|,NA,8 September 2017 (USA)
tt6080746,Raag Desh,Raag Desh,0,2017,135,Action|Drama|History,https://upload.wikimedia.org/wikipedia/en/thumb/a/ad/Raag_Desh_-_Poster.jpg/220px-Raag_Desh_-_Poster.jpg,https://en.wikipedia.org/wiki/Raagdesh,8.3,341,A period film based on the historic 1945 Indian National Army Red Fort Trials.,A period film based on the historic 1945 Indian National Army Red Fort Trials.,NA,Kunal Kapoor|Amit Sadh|Mohit Marwah|Kenneth Desai|Mrudula Murali|Kanwaljit Singh|Kenny Basumatary|Vijay Varma|R. Bhakti Klein|,NA,28 July 2017 (India)
tt5632164,Veerappan,Veerappan,0,2016,125,Action|Biography|Crime,https://upload.wikimedia.org/wikipedia/en/thumb/0/09/Veerappan_%282016_film%29.jpg/220px-Veerappan_%282016_film%29.jpg,https://en.wikipedia.org/wiki/Veerappan_(2016_film),5.3,590,Koose Muniswamy Veerappan commonly known only as Veerappan was a notorious Indian brigand and dacoit in India. He was active for nearly 30 years in the scrub lands and forests in the states of Karnataka  Kerala and Tamil Nadu. 184 people (97 of them are police officials & forest officers)  900 elephants were killed by Veerappan.,Officer Kannan leads a group of police officers to track down the bandit  Veerappan.,NA,Sachiin Joshi|Sandeep Bharadwaj|Usha Jadhav|Nissar Khan|,NA,27 May 2016 (India)
tt3859980,Mohenjo Daro,Mohenjo Daro,0,2016,155,Action|Adventure|Drama,https://upload.wikimedia.org/wikipedia/en/thumb/e/e4/Mohenjo_Daro_Poster.jpg/220px-Mohenjo_Daro_Poster.jpg,https://en.wikipedia.org/wiki/Mohenjo_Daro_(film),5.7,9764,In 2016 BC Sarman is a farmer in Amri and wants to trade in Mohenjo Daro to.Durjan Sarman 's uncle protests against it but cant stop Sarman going Mohenjo Daro  Durjan tells him to be careful as the city is harsh and selfish.Sarman reaches Mohenjo Daro and feels that somehow the place is connected to him The city is ruled by evil Maham and his son Moonja Sarman saves Chaani from being stamped by horses and they both start liking each other but Chaani is about to marry Moonja on their wedding day a major fight happens between Sarman and Moonja Maham challenges Sarman to take up a fight against Bakar-Zokhar Sarman proposes Maham that if he wins Chaani should be his will Sarman win Chaani and what is Sarman 's connection with Mohenjo Daro.,In 2016 BC  a kind farmer leads an uprising in the city of Mohenjo Daro.,NA,Hrithik Roshan|Pooja Hegde|Kabir Bedi|Arunoday Singh|Suhasini Mulay|Nitish Bharadwaj|Kishori Shahane|Sharad Kelkar|Manish Chaudhary|Narendra Jha|Shaji Chaudhary|Tufail Khan Rigoo|Diganta Hazarika|Naina Trivedi|,4 nominations,12 August 2016 (USA)
tt2357926,Ramaiya Vastavaiya,Ramaiya Vastavaiya,0,2013,148,Action|Drama|Romance,https://upload.wikimedia.org/wikipedia/en/thumb/8/82/Ramaiya_Vastavaiya.jpg/220px-Ramaiya_Vastavaiya.jpg,https://en.wikipedia.org/wiki/Ramaiya_Vasta_Vaiya,5.6,3118,NA,NA,NA,NA,NA,NA
tt7485048,Super 30,Super 30,0,2019,154,Biography|Drama,https://upload.wikimedia.org/wikipedia/en/thumb/2/29/Super_30_The_Film.jpg/220px-Super_30_The_Film.jpg,https://en.wikipedia.org/wiki/Super_30_(film),8.2,13972,Anand Kumar  a Mathematics genius from a modest family in Bihar who is made to believe that only a King's son can become a king is on a mission to prove that even the poor man can create some of the world's most genius minds. He starts a training program named 'Super 30' to help 30 IIT aspirants crack the entrance test and make them highly successful professionals.,Based on life of Patna-based mathematician Anand Kumar who runs the famed Super 30 program for IIT aspirants in Patna.,Inspired by the Life of Anand Kumar & His Students,Hrithik Roshan|Mrunal Thakur|Nandish Singh|Virendra Saxena|Sadhana Singh|Aditya Srivastava|Sanket Deshpande|Pankaj Tripathi|Vaibhav Gupta|Ali Haji|Rajesh Sharma|Deepali Kumar|Chittaranjan Giri|Ganesh Kumar|,NA,12 July 2019 (USA)
tt4635372,Masaan,Masaan,0,2015,109,Drama,https://upload.wikimedia.org/wikipedia/en/thumb/1/1c/Masaan_poster.jpg/220px-Masaan_poster.jpg,https://en.wikipedia.org/wiki/Fly_Away_Solo,8.1,19904,Four lives intersect along the Ganges: a low caste boy hopelessly in love  a daughter ridden with guilt of a sexual encounter ending in a tragedy  a hapless father with fading morality  and a spirited child yearning for a family  long to escape the moral constructs of a small-town.,Four lives intersect along the Ganges: a low caste boy hopelessly in love  a daughter ridden with guilt of a sexual encounter ending in a tragedy  a hapless father with fading morality  and...,Paths of grieve intersect on the Ganges River.,Richa Chadha|Sanjay Mishra|Vicky Kaushal|Pankaj Tripathi|Vineet Kumar|Bhagwan Tiwari|Bhupesh Singh|Satya Kam Anand|Saurabh Chadhary|,20 wins & 5 nominations,24 July 2015 (India)
tt2759338,Dassehra,Dassehra,0,2018,131,Action|Thriller,https://upload.wikimedia.org/wikipedia/en/thumb/3/39/Dassehra_Official_Poster.jpg/220px-Dassehra_Official_Poster.jpg,https://en.wikipedia.org/wiki/Dassehra_(film),3.8,253,It's a story of an honest police officer who is trapped under adverse circumstances. It's is a political thriller driven by crime and politics. The film revolves around the background of a politically volatile state  which shows a politician mafia network  a place of serious crimes  cunning politicians  miserable criminals.,It's a story of an honest police officer who is trapped under adverse circumstances. It's is a political thriller driven by crime and politics. The film revolves around the background of a ...,NA,Neil Nitin Mukesh|Tina Desai|Manish Vatssalya|Govind Namdev|Ashwini Kalsekar|Murli Sharma|Shubhangi Gokhale|Scarlett Mellish Wilson|Pankaj Jha|Nisa Deys|Pooja Welling|,NA,26 October 2018 (India)
tt2208248,Machhli Jal Ki Rani Hai,Machhli Jal Ki Rani Hai,0,2014,120,Horror,https://upload.wikimedia.org/wikipedia/en/thumb/b/bf/Machhli_Jal_Ki_Rani_Hai_-_2014_Movie_Poster.jpg/220px-Machhli_Jal_Ki_Rani_Hai_-_2014_Movie_Poster.jpg,https://en.wikipedia.org/wiki/Machhli_Jal_Ki_Rani_Hai,2.7,136,NA,NA,NA,NA,NA,NA
tt1841542,Chillar Party,Chillar Party,0,2011,135,Comedy|Drama|Family,https://upload.wikimedia.org/wikipedia/en/thumb/4/4d/Chillarparty2.jpg/220px-Chillarparty2.jpg,https://en.wikipedia.org/wiki/Chillar_Party,7.4,6255,When an employee of Mumbai's Chandan Nagar leaves  he is replaced by a youth  Fatka  who has a stray dog  Bhidu (a.k.a. Buddy). There is no accommodation provided for this homeless orphan  so he and his pet decide to make an abandoned antique car their new home. There is some resentment from the children of the building  but Fatka gets accepted in the cricket team after he demonstrates his bowling capabilities. A chance visit by a politician  Shashikant Bhide  results in enforcement of new municipal legislation to capture all stray dogs  and the children decide to oppose it. Their attempt to secure 31 signatures from residents turns out to be in vain  and they decide to launch a unique protest. Shashikant puts pressure on Chandan Nagar's Secretary  Tandon  as well as launches his own campaign to enforce the legislation and ensure Bhidu's capture.,A gang of innocent but feisty kids who lead carefree lives in Chandan Nagar colony takes on the big bad world of politics when one of their friend's life is endangered.,NA,Aarav Khanna|Chinmay Chandraunshuh|Divji Handa|Irfan Khan|Naman Jain|Rohan Grover|Sanath Menon|Vedant Desai|Raakesh Maudgal|Visshesh Tiwari|Shriya Sharma|Raju|Ajay Kumar|Sonamoni Jayant Gadekar|,3 wins,8 July 2011 (India)
tt5313980,Tere Bin Laden: Dead Or Alive,Tere Bin Laden: Dead Or Alive,0,2016,104,Comedy,https://upload.wikimedia.org/wikipedia/en/thumb/e/e9/Tere_bin_laden_%2C_dead_or_alive_theatrical_poster.jpeg/220px-Tere_bin_laden_%2C_dead_or_alive_theatrical_poster.jpeg,https://en.wikipedia.org/wiki/Tere_Bin_Laden:_Dead_or_Alive,4.3,771,A common man who happens to look like Osama Bin Laden is noticed by a man from the American Government and plans to film the capture of Bin Laden. A film director (Manish Paul) helps making the Bin Laden film but their film making is encountered to many problems including the man playing Bin Laden being a complete lunatic. Will the government of the United States be able to show the world how they really caught the man himself?,A Bollywood director is hired by an American talent agent to make a film on Osama bin Laden. The plan to use an Osama doppelganger in order to prove his death boomerangs when a Taliban arms dealer hijacks their idea to prove he's alive.,A million-dollar fake,Parthaa Akerkar|Krishna Bansal|Vikrant Chaturvedi|Iman Crosson|Sugandha Garg|Kunal Gupta|Noel Jacobson|Rohan Khatri|Sikander Kher|Birbal Khosla|Vaibhav Mathur|Piyush Mishra|Jiten Mukhi|Bachan Pachehra|,NA,26 February 2016 (USA)
tt9319812,Hum chaar,Hum chaar,0,2019,143,Drama,https://upload.wikimedia.org/wikipedia/en/thumb/8/88/Hum_Chaar_poster.jpg/220px-Hum_Chaar_poster.jpg,https://en.wikipedia.org/wiki/Hum_Chaar,5.6,183,The story of the film revolves around four college friends went their own direction in life  but remained inseparable from each other.,The story of the film revolves around four college friends went their own direction in life  but remained inseparable from each other.,NA,Prit Kamani|Simran Sharma|Anshuman Malhotra|Tushar Pandey|Vibha Anand|Jatin Goswami|Jagat Rawat|Sonal Jha|Shailesh Datar|Jayshankar Tripathi|Alok Pandey|Sushant Mohindru|Shahnawaz Pradhan|Amit Kumar Jha|,NA,15 February 2019 (India)
tt4434004,Udta Punjab,Udta Punjab,0,2016,148,Action|Crime|Drama,https://upload.wikimedia.org/wikipedia/en/thumb/9/91/Udta_Punjab.jpg/220px-Udta_Punjab.jpg,https://en.wikipedia.org/wiki/Udta_Punjab,7.8,23995,What on earth can a rock star  a migrant laborer  a doctor and a cop possibly have in common? Simple  Punjab! 4 lives  1 connection - 'Udta Punjab' takes you on a trip like never before. Shahid Kapoor  Kareena Kapoor  Alia Bhatt and Diljit Dosanjh play characters from different walks of life  fighting the menace of drugs in their own way. The film journeys into the artificial highs and the real lows that they face while treading the paths fraught with mortal dangers. But above all  Udta Punjab is about the famed Punjabi spirit  that despite being fully down  has the audacity of looking you in the eye and saying - Drugs di maa di!,A story that revolves around drug abuse in the affluent north Indian State of Punjab and how the youth there have succumbed to it en-masse resulting in a socio-economic decline.,NA,Shahid Kapoor|Alia Bhatt|Kareena Kapoor|Diljit Dosanjh|Satish Kaushik|Manav Vij|Vansh Bhardwaj|Suhail Nayyar|Prabhjyot Singh|Rajesh Kumar Sharma|Kamal Tiwari|Mahabir Bhullar|Suvinder Vicky|Dilawar Sidhu|,11 wins & 19 nominations,17 June 2016 (USA)
tt6405126,Simran,Simran,0,2017,124,Crime|Drama|Thriller,https://upload.wikimedia.org/wikipedia/en/thumb/d/d3/Simran_Poster.jpg/220px-Simran_Poster.jpg,https://en.wikipedia.org/wiki/Simran_(film),5.3,2681,A socially criticized girl who is financially cornered  becomes an outlaw to dodge the situation.,A socially criticized girl who is financially cornered  becomes an outlaw to dodge the situation.,NA,Kangana Ranaut|Sohum Shah|Esha Tewari|Jason Louder|Aneesha Joshi|Mark Justice|Rupinder Nagra|Catherine Dyer|James Cole|Robin Dyke|Alexander Garganera|Timothy Ryan Hickernell|Manda Lee|Yajhayra Maria|,1 nomination,15 September 2017 (USA)
tt4271730,Alone,Alone,0,2015,133,Horror,https://upload.wikimedia.org/wikipedia/en/thumb/7/7a/Alone_-_2015_Hindi_film_poster.jpg/220px-Alone_-_2015_Hindi_film_poster.jpg,https://en.wikipedia.org/wiki/Alone_(2015_Hindi_film),3.7,1465,Conjoined at birth  Anjana and Sanjana were twin sisters who lived by one promise made to each other - 'We will always be together. We will never separate'. Mysterious circumstances lead to the death of one while the other survived. Years later  the ghost of the dead comes back to haunt the surviving sister. Why was the promise broken?,A supernatural mystery about a young woman whose dead sister relentlessly haunts her.,She was never alone,Bipasha Basu|Karan Singh Grover|Sulabha Arya|Zakir Hussain|Neena Gupta|Nilima Priya|Sanjay Sharma|,1 win,16 January 2015 (India)
tt1821480,Kahaani,Kahaani,0,2012,122,Mystery|Thriller,https://upload.wikimedia.org/wikipedia/en/thumb/8/85/KahaaniPoster.jpg/220px-KahaaniPoster.jpg,https://en.wikipedia.org/wiki/Kahaani,8.1,53181,Kolkata is abuzz with the preparations for the annual Durga Puja festival  as seven months pregnant Vidya Bagchi steps off the airplane from London. Her first stop is the local police station to file a missing person report. Weeks ago  her husband Arnab arrived in India for a job assignment. The first two weeks  they talked daily on the phone  and then without explanation  his calls stopped. Everywhere Vidya turns  no one can remember Arnab. There is no trace of him at the guest house or his workplace. But Vidya will not give up her search. Somewhere in Kolkata she will discover the dangerous truth.,A pregnant woman's search for her missing husband takes her from London to Kolkata  but everyone she questions denies having ever met him.,A mother of a story,Vidya Balan|Parambrata Chattopadhyay|Indraneil Sengupta|Nawazuddin Siddiqui|Dhritiman Chatterjee|Saswata Chatterjee|Darshan Jariwala|,19 wins & 18 nominations,9 March 2012 (India)
tt4088588,Rainbow,Dhanak,0,2015,106,Drama,https://upload.wikimedia.org/wikipedia/en/thumb/8/89/Dhanak_theatrical_release_poster.jpg/220px-Dhanak_theatrical_release_poster.jpg,https://en.wikipedia.org/wiki/Dhanak,8,3114,Rainbow is an uplifting  enchanting  magical fable set in Rajasthan that reinforces the belief that life is beautiful. The story revolves around the wonderful relationship between a 10-year old girl Pari and Chotu  her 8-year old brother who live in a picturesque village nestled among the sand dunes. Having lost their parents to an accident at a very early age  they live with their uncle and aunt. Chotu is blind but he is anything but sad. Happy  precocious and a smart ass  he is the life of the village.Pari is his eyes  his guide and his best friend. And Chotu is the center of Pari's universe. As children sometimes do  not truly understanding the consequences  Pari has promised Chotu that he will be able to see by the time he turns 9 and as always  Chotu believes her unconditionally. On their weekly trip to the neighboring village to see a movie  Pari sees a poster with Sharukh Khan (SRK) appealing to people to donate their eyes. Pari is convinced that her reel life hero can help her...,Believing actor and goodwill ambassador Shah Rukh Khan can help her brother get an operation to restore his sight  a 10-year old girl takes her blind 8-year old brother on a trek across Rajasthan in search of the superstar.,NA,Krrish Chhabria|Hetal Gada|Vipin Sharma|Gulfam Khan|Idhant Singh|Swastik Ram Chavan|Narendar Singh Rajpurohit|Vincent Daniel|Harmeet Arora|Sanjana Singh|Rajiv Laxman|Rishi Deshpande|Vijay Maurya|Pratyaksh Kalra|,3 wins & 3 nominations,17 June 2016 (USA)
tt4994210,Sorry Daddy,Sorry Daddy,0,2015,\N,Action,https://upload.wikimedia.org/wikipedia/en/thumb/f/fa/Sorry_Daddy_Movie_Poster.jpg/220px-Sorry_Daddy_Movie_Poster.jpg,https://en.wikipedia.org/wiki/Sorry_Daddy_(film),5.4,5,Inspector Ravi Sharma (Shamim Khan) is very honest and very intelligent police officer. He burst the racket of Daddan's (Mukesh Tiwari) illegal wine factory to shows his intention against the enemy of law and society. Meanwhile his daughter Anishka seeks his help to find out her lost school friend Aditya. Aditya is a very bright student but always looks puzzled because of his drunken father who fights with his mother every time. One day the fight takes an ugly turn and father dies accidentally. Aditya runs away from the home in fear. Ravi arrests his mother as murderer and she lands in prison. Innocent Aditya walks randomly in the city and meets a gang of street beggars who want to help him. But unfortunately he lands in cage of Sevak Ram (Tinu Verma). Sevak Ram is socialist who runs a self organization for the betterment of these street children. But the truth is that he make them handicap hand pushes them in begging business. Ravi searches Aditya every possible place with his time ...,Sorry daddy is a Children story centring around the turbulent relationship between Inspector Shamim and Children  a relationship which is affected by Children's issues with alcohol abuse and temperament.,NA,Shamim Khan|Mukesh Tiwari|,NA,NA
tt1395025,Agent Vinod,Agent Vinod,0,2012,157,Action|Adventure|Thriller,https://upload.wikimedia.org/wikipedia/en/thumb/5/5e/Agent_Vinod_2.jpg/220px-Agent_Vinod_2.jpg,https://en.wikipedia.org/wiki/Agent_Vinod_(2012_film),5.1,6708,In Pakistan's Khyber Pakhtunkhua  RAW Agent Vinod (Saif Ali Khan) is rescued by colleague Rajan (Ravi Kishan) from a rogue Pakistani army officer (Shahbaz Khan). In Russia/Uzbekistan  an ex-KGB Officer is tortured and murdered. In Cape Town  a group of international business tycoons discusses a rumor that the dead KGB officer possessed a nuclear suitcase bomb. In Moscow  Rajan is exposed and shot dead while trying to send a Code Red message to India. In India  the head of RAW sees the incomplete message containing just number 242. Agent Vinod undertakes a globe-trotting secret mission to discover the reason why his colleague  Rajan  was murdered. A series of twists and turns take Vinod across the globe to Morocco and Latvia  Karachi to Delhi and finally London where he discovers the actual conspiracy.,A series of seemingly unconnected events across the world leads to Agent Vinod undertaking a globe-trotting mission to discover why his colleague was murdered.,NA,Kareena Kapoor|Saif Ali Khan|Gulshan Grover|Adil Hussain|Ravi Kishan|Rajat Kapoor|Prem Chopra|Ram Kapoor|Arif Zakaria|Zakir Hussain|Dhritiman Chatterjee|Shahbaaz Khan|Maryam Zakaria|Elena Kazan|,1 win & 6 nominations,23 March 2012 (USA)
tt6143422,Dark wind,Dark wind,0,2017,95,Drama,https://upload.wikimedia.org/wikipedia/en/thumb/b/b3/Kadvi_Hawa_-_Poster.jpg/220px-Kadvi_Hawa_-_Poster.jpg,https://en.wikipedia.org/wiki/Kadvi_Hawa,8,565,A blind old man and a young bank loan recovery agent  ironically both coming from two extreme weather conditions having zero contribution to the global climate change  fight for their survival. Once famous for it's farming  the people of Mahua region have forgotten the earthy scent of rain fall on their soil. Erratic and receding rainfall has led many farmers into debt traps set out as loans offered by banks. Unable to grow food grain anymore and to escape repayments  the only way out is sacrificing their own life. Blind father of a farmer fears his depressed son may commit suicide. Ruthless in his ways to repossess loans  a bank loan recovery agent arrives with a growing list of suicides attributed to him locally known as 'death god'. The father finds his son's life threatened the pressure of bank repayment. In case of the agent  fierce sea  regular floods and frequent cyclone threatens his family in far off coastal . The blind father meets the agent with a request to defer his son's...,A blind old man and a young bank loan recovery agent  ironically both coming from two extreme weather conditions having zero contribution to the global climate change  fight for their ...,NA,Sanjay Mishra|Ranvir Shorey|Tillotama Shome|,1 nomination,24 November 2017 (India)
tt6041458,Tutak Tutak Tutiya,Tutak Tutak Tutiya,0,2016,138,Comedy|Horror,https://upload.wikimedia.org/wikipedia/en/thumb/2/23/Devi_2016_poster.jpg/220px-Devi_2016_poster.jpg,https://en.wikipedia.org/wiki/Tutak_Tutak_Tutiya,5.4,658,The Hindi version of the trilingual horror-comedy wherein a husband finds out his wife is possessed. The Telugu version is Abhinetri (2016) and the Tamil version is Devi(L) (2016),The Hindi version of the trilingual horror-comedy wherein a husband finds out his wife is possessed. The Telugu version is Abhinetri (2016) and the Tamil version is Devi(L) (2016),NA,RJ Balaji|Tamannaah Bhatia|Prabhu Deva|Karishma Gulati|Esha Gupta|Hema|Farah Khan|Ravi Khanna|R.V. Udhaya Kumar|Joy Mathew|Sapthagiri|Murli Sharma|Kanwalpreet Singh|Sonu Sood|,NA,7 October 2016 (India)
tt6467738,Irada,Irada,0,2017,109,Drama|Mystery|Thriller,https://upload.wikimedia.org/wikipedia/en/thumb/9/92/Irada_Movie_Poster.jpg/220px-Irada_Movie_Poster.jpg,https://en.wikipedia.org/wiki/Irada_(2017_film),6.2,1024,A mysterious bomb blast in a business tycoon's factory prompts the state CM to hire an NIA officer. He meets an ex-army man seeking revenge for his dead daughter and a journalist demanding justice for her slain boyfriend. Nothing is what it seems.,An NIA officer tries to unravel the conspiracy that led to the bombing of a business tycoon's factory.,NA,Naseeruddin Shah|Arshad Warsi|Divya Dutta|Sharad Kelkar|Sagarika Ghatge|Rajesh Sharma|Rumana Molla|Nikhil Pandey|Prashantt Guptha|Diwakar Kumar|Harmeet Kaur|Savita Bhatti|Prince Soni|Rohan Shah|,2 wins,17 February 2017 (USA)
tt3036740,Humshakals,Humshakals,0,2014,159,Comedy,https://upload.wikimedia.org/wikipedia/en/thumb/d/d7/Humshakals_poster.jpg/220px-Humshakals_poster.jpg,https://en.wikipedia.org/wiki/Humshakals,1.8,7216,NA,NA,NA,NA,NA,NA
tt2016894,Ek Tha Tiger,Ek Tha Tiger,0,2012,132,Action|Romance|Thriller,https://upload.wikimedia.org/wikipedia/en/thumb/2/2d/Ek_Tha_Tiger_theatrical_poster.jpg/220px-Ek_Tha_Tiger_theatrical_poster.jpg,https://en.wikipedia.org/wiki/Ek_Tha_Tiger,5.5,26996,In the dark world of intelligence and espionage  all information is guarded in the name of national security. But some stories escape the fiercely guarded classified files  stories that become legends. This is one such story  a story that shook the very foundation of this dark world. In a government employees' neighbourhood in New Delhi  there lived a rugged  handsome and mysterious bachelor about whom his neighbours knew nothing. That was because he was India's top spy  an officer with the Research and Analysis Wing (RAW)  India's external intelligence agency. This man was known even in official corridors as TIGER (Salman Khan). Tiger is sent on a relatively easy and safe mission to Dublin  Ireland to observe a scientist of Indian origin who is suspected of sharing his research findings with the Pakistan defence establishment. Tiger attempts to meet the scientist but is not successful. He tries to befriend the scientist's part time home caretaker  Zoya (Katrina Kaif). As Tiger begins...,India's top spy Tiger and his love Zoya battle the dark world of intelligence and espionage that forbids its soldiers from loving the enemy.,NA,Salman Khan|Katrina Kaif|Girish Karnad|Roshan Seth|Ranvir Shorey|,13 wins & 7 nominations,15 August 2012 (India)
tt8130968,Badla,Badla,0,2019,118,Crime|Drama|Mystery,https://upload.wikimedia.org/wikipedia/en/0/0c/Badla_poster.jpg,https://en.wikipedia.org/wiki/Badla_(2019_film),7.9,15499,Naina Sethi a successful entrepreneur finds herself locked in a hotel room.When she gains conscious she finds herself lying to corpse of her lover Arjun she is arrested for the murder.But left on bail her lawyer Jimmy hires a defense lawyer Badal Gupta who hasn't lost a case since last 40 years.Badal and Naina discuss about the events that happened during that day.But Badal feels that there are lot many loopholes in Naina's story.,A dynamic young entrepreneur finds herself locked in a hotel room with the corpse of her dead lover. She hires a prestigious lawyer to defend her and they work together to figure out what actually happened.,NA,Amitabh Bachchan|Taapsee Pannu|Amrita Singh|Antonio Aakeel|Tony Luke|Tanveer Ghani|Tariqsafdar Hussain|Mark Mansfield|,1 win,8 March 2019 (India)
tt1954206,The Dirty Picture,The Dirty Picture,0,2011,144,Biography|Drama,https://upload.wikimedia.org/wikipedia/en/thumb/2/2c/The_Dirty_Picture2.jpg/220px-The_Dirty_Picture2.jpg,https://en.wikipedia.org/wiki/The_Dirty_Picture,6.6,8067,Rebellious and uninhibited Reshma lives an impoverished lifestyle with her mother  Ratnamma  in 1980s South India. She is an ardent fan of film actor  Suryakant  and her one ambition in life is to meet and act with him. She runs away to Madras  and like  hundreds of young women  lines up outside Jupiter Studios to try and get noticed. With her plain  next-door-girl looks  she gets ignored but as fate could have it she is given a chance to play a minor role after she manages to sneak into the studios. The role exploits her as a sex symbol  driving males to the cinema houses to absorb her movements and beauty. Virtually overnight she  now renamed Silk  becomes a sensation  and together with the aging superstar  Suryakant  the one she had always fantasized about  she sizzles the silver screen with her sex appeal. Suryakant's brother  Ramakant  an author  is smitten by her - so much so that he would like her to opt out of movies altogether  so that he could marry her. But the rebellious ...,The love story between an actress and a director  inspired by the life of the late south Indian actress Silk Smitha.,NA,Vidya Balan|Emraan Hashmi|Tusshar Kapoor|Naseeruddin Shah|Rajesh Sharma|,25 wins & 23 nominations,2 December 2011 (India)
tt2350496,The Lunchbox,Dabba,0,2013,104,Drama|Romance,https://upload.wikimedia.org/wikipedia/en/thumb/8/81/The_Lunchbox_poster.jpg/220px-The_Lunchbox_poster.jpg,https://en.wikipedia.org/wiki/The_Lunchbox,7.8,43790,NA,NA,NA,NA,NA,NA
tt3590416,Global Baba,Global Baba,0,2016,120,Thriller,NA,https://en.wikipedia.org/wiki/Global_Baba,5.6,163,A conman finds refuge in becoming a baba and carries out his various criminal activities under the guise. A policeman  a journalist and politicians get entangled in his Web of deceit.,A conman finds refuge in becoming a baba and carries out his various criminal activities under the guise. A policeman  a journalist and politicians get entangled in his Web of deceit.,Satta Aur Satsang,Pankaj Tripathi|Sandeepa Dhar|Ravi Kishan|Abhimanyu Singh|Leena Balodi|Vishwa Bhanu|,NA,11 March 2016 (India)
tt5638474,Wajah Tum Ho,Wajah Tum Ho,0,2016,136,Drama|Mystery|Romance,https://upload.wikimedia.org/wikipedia/en/thumb/f/f1/Sana_Khan%27s_Wajah_Tum_Ho_poster.jpg/220px-Sana_Khan%27s_Wajah_Tum_Ho_poster.jpg,https://en.wikipedia.org/wiki/Wajah_Tum_Ho,4.3,1000,A TV channel owned by Rahul Oberoi is hacked and the murder of police officer Ramesh Sarnaik is broadcast live. Rahul is interrogated by inspector Kabir Deshmukh of Mumbai police and defended by his lawyer Sia whose boyfriend Ranveer is the prosecution lawyer. During the investigation  police find Karan Parekh  Rahul's old business partner  to be the suspect but before they could get hold of him Karan's murder is also telecast live on the same channel. Kabir now has to find a link which joins Rahul  Karan and Sarnaik which is leading to the murders.,People get entangled in a mystery when a murder is committed on live television.,From the makers of Hate Story 2 & 3.,Sharman Joshi|Sana Khaan|Gurmeet Choudhary|Rajniesh Duggall|Himmanshoo A. Malhotra|Prarthana Behere|Sherlyn Chopra|Zareen Khan|,NA,16 December 2016 (India)
tt7549484,Firangi,Firangi,0,2017,158,Comedy|Drama,https://upload.wikimedia.org/wikipedia/en/thumb/a/af/Firangi_-_Poster_1.jpg/220px-Firangi_-_Poster_1.jpg,https://en.wikipedia.org/wiki/Firangi,4.5,913,Manga  an unemployed young man from village Behrampur  was born with a healing gift through which he could cure anyone's backache. This unique ability of his helps him get the job of Orderly from British Officer Mark Daniels. During a visit to village Naku Guda for his friend Heera's wedding  Manga comes across Sargi and falls in love with her. Manga's parents visit Sargi's house with a marriage proposal but Lalaji  Sargi's grandfather  who is not happy with Manga working for the Britishers  refuses the proposal. Raja Inderveer Singh asks all the people of village Naku Guda to relocate to some other place as he intends to set up a Distillery there. Sensing an opportunity to impress Lalaji  Manga decides to help the villagers and complains about it to Officer Mark Daniels  unaware of the fact that his officer is in cahoots with Raja Inderveer Singh. An unsuspecting Manga is manipulated by Mark Daniels and Raja Inderveer Singh and ends up helping them deceive the villagers. Now the ...,When there are disputes in life  love overcomes all challenges and truth prevails. Set in the colonial era  Firangi is the story of a mutiny staged by the villagers against the Britishers.,NA,Kapil Sharma|Ishita Dutta|Monica Gill|Edward Sonnenblick|Kumud Mishra|Anjan Srivastav|Inaamulhaq|Rajesh Sharma|Jameel Khan|Jatinder Kaur|Vishal Om Prakash|Roshni Walia|Naisha Khanna|Sharan Makkar|,1 nomination,1 December 2017 (USA)
tt2190820,Charlie Kay Chakkar Mein,Charlie Kay Chakkar Mein,0,2015,102,Thriller,https://upload.wikimedia.org/wikipedia/en/thumb/2/2e/Official_poster_of_Charlie_Kay_Chakkar_Mein.jpg/220px-Official_poster_of_Charlie_Kay_Chakkar_Mein.jpg,https://en.wikipedia.org/wiki/Charlie_Kay_Chakkar_Mein,4.6,152,NA,NA,NA,NA,NA,NA
tt1867070,Teen Thay Bhai,Teen Thay Bhai,0,2011,\N,Comedy|Drama,https://upload.wikimedia.org/wikipedia/en/thumb/1/16/Teen_Thay_Bhai.jpg/220px-Teen_Thay_Bhai.jpg,https://en.wikipedia.org/wiki/Teen_Thay_Bhai,4.3,297,Bhatinda-based middle-classed Harpreet Gill is unable to get his three rather plain-looking and overweight daughters married and must live with constant criticism from his wife; his brother  Chiksi  is a fake dentist who incurs wrath of his patients; while his second brother  Fancy  is an out-of-work Punjabi movies' actor. The trio dislike each other and keep their distance. When their grandfather  Khetrapal Singh  passes away  the trio do get together and waste no time in squabbling with each other. They are  however  pleasantly surprised when they find out that he had left a mansion in their respective names. Their joy will turn to anger and disgust after they find out the location as well as the terms and conditions  spread over a period of three years  that go with this procurement.,In order to inherit a mansion  three squabbling brothers must fulfill their late grandfather's wishes.,NA,Om Puri|Deepak Dobriyal|Ragini Khanna|,NA,NA
tt4857886,Do Lafzon Ki Kahani,Do Lafzon Ki Kahani,0,2016,128,Action|Drama|Romance,https://upload.wikimedia.org/wikipedia/en/thumb/9/9a/Do_Lafzon_Ki_Kahani_Poster.jpg/220px-Do_Lafzon_Ki_Kahani_Poster.jpg,https://en.wikipedia.org/wiki/Do_Lafzon_Ki_Kahani_(film),6.4,1201,Centered on ex-mixed martial arts artist Sooraj (Randeep Hooda) and sculptor artist Jenny (Kajal Aggarwal). Their fate intertwines when their past are revealed in their blooming relationship.,Centered on ex-mixed martial arts artist Sooraj (Randeep Hooda) and sculptor artist Jenny (Kajal Aggarwal). Their fate intertwines when their past are revealed in their blooming relationship.,NA,Kajal Aggarwal|Anil George|Randeep Hooda|Snehal Kulshreshtha|Mamik Singh|,NA,10 June 2016 (India)
tt2072227,Shanghai,Shanghai,0,2012,120,Crime|Mystery|Thriller,https://upload.wikimedia.org/wikipedia/en/thumb/b/be/Shanghai_Poster.jpg/220px-Shanghai_Poster.jpg,https://en.wikipedia.org/wiki/Shanghai_(2012_film),7.2,9143,Prime leader of a campaign against a big government project is killed in what appears to be a road accident. An IAS officer is ordered to probe the incident and the veils of falsehood begin to drop.,Prime leader of a campaign against a big government project is killed in what appears to be a road accident. An IAS officer is ordered to probe the incident and the veils of falsehood begin to drop.,NA,Emraan Hashmi|Abhay Deol|Prasenjit Chatterjee|Kalki Koechlin|Supriya Pathak|Tillotama Shome|Anant Jog|Pitobash|Farooq Shaikh|Ashok Pathak|,3 wins & 5 nominations,8 June 2012 (India)
tt2615584,Phata Poster Nikhla Hero,Phata Poster Nikhla Hero,0,2013,146,Action|Comedy,https://upload.wikimedia.org/wikipedia/en/thumb/4/46/Phata_Poster_Nikhla_Hero_Official_poster.jpg/220px-Phata_Poster_Nikhla_Hero_Official_poster.jpg,https://en.wikipedia.org/wiki/Phata_Poster_Nikla_Hero,4.8,3965,NA,NA,NA,NA,NA,NA
tt4007558,Shaandaar,Shaandaar,0,2015,144,Comedy|Drama|Romance,https://upload.wikimedia.org/wikipedia/en/thumb/0/0c/Shaandaar-Official-Poster-2.jpg/220px-Shaandaar-Official-Poster-2.jpg,https://en.wikipedia.org/wiki/Shaandaar,3.6,4352,In the backdrop of a destination wedding in London  two families try to save their respective empires  unbeknownst to each other.,In the backdrop of a destination wedding in London  two families try to save their respective empires  unbeknownst to each other.,NA,Shahid Kapoor|Alia Bhatt|Pankaj Kapur|Sanjay Kapoor|Sushma Seth|Niki Walia|Sanah Kapoor|Vikas Verma|Vikas Verman|Karan Johar|Kumud Pant|Atul Sharma|,1 win & 1 nomination,22 October 2015 (India)
tt6078866,Soni,Soni,0,2018,97,Drama,https://upload.wikimedia.org/wikipedia/en/thumb/d/de/Soni_India_Netflix_Movie_Poster.jpg/220px-Soni_India_Netflix_Movie_Poster.jpg,https://en.wikipedia.org/wiki/Soni_(film),7.2,1595,Soni  a young policewoman in Delhi  and her superintendent  Kalpana  have collectively taken on a growing crisis of violent crimes against women. However  their alliance suffers a major setback when Soni is transferred out for alleged misconduct on duty.,While fighting crimes against women in Delhi  a short-fused policewoman and her level-headed female boss grapple with gender issues in their own lives.,NA,Geetika Vidya Ohlyan|Saloni Batra|Vikas Shukla|Mohit Chauhan|Himanshu Kohli|Gauri Chakraborty|Mohinder Gujral|Upasya Goswami|Simrat Kaur|Dimple Kaur|Prateek Pachori|Kalpana Jha|Samar|,3 wins & 5 nominations,18 January 2019 (USA)
